Slot_ID,Slot,When_Suggested,Role,Brand,Product,Price,URL
shampoo_fm,Shampoo (Fine/Medium),Hair type Fine or Medium,Primary,Biotop,Biotop 911 Quinoa Shampoo 250ml,"Rs. 2,070",https://lookskart.com/products/biotop-911-quinoa-shampoo-330ml
shampoo_fm,Shampoo (Fine/Medium),Hair type Fine or Medium,Brand alternative,Moroccanoil,Moroccanoil | Moisture Repair Shampoo|250ml For Weakened And Damaged Hair,"Rs. 2,163",https://lookskart.com/products/moroccanoil-moisture-repair-shampoo-250ml-for-weakened-and-damaged-hair
shampoo_fm,Shampoo (Fine/Medium),Hair type Fine or Medium,Brand alternative,Brasil Cacau,Brasil Cacau Cadiveu Extreme Repair Shampoo For Damaged Hair ( 300ML),"Rs. 1,646",https://lookskart.com/products/brasil-cacau-extreme-repair-shampoo-for-damaged-hair-300ml
shampoo_fm,Shampoo (Fine/Medium),Hair type Fine or Medium,Brand alternative,Kerastase,Kerastase | Nutritive |Bain Satin Riche Shampoo|250ml Nourishing for dry to very dry hair,"Rs. 2,625",https://lookskart.com/products/kerastase-nutritive-bain-satin-shampoo-250ml-nourishing-for-dry-to-very-dry-hair
shampoo_fm,Shampoo (Fine/Medium),Hair type Fine or Medium,Brand alternative,L'Oreal Professionnel,L'Oreal Professionnel | Serie Expert | Absolut Repair Lipidium Shampoo | 300ml,Rs. 703,https://lookskart.com/products/loreal-professionnel-serie-expert-absolut-repair-lipidium-shampoo-300ml
shampoo_fm,Shampoo (Fine/Medium),Hair type Fine or Medium,Brand alternative,Lea Levett,Lea Levett Botanique Shampoo 350ml,"Rs. 3,800",https://lookskart.com/products/lea-levett-botanique-shampoo-300ml
shampoo_fm,Shampoo (Fine/Medium),Hair type Fine or Medium,Brand alternative,pH Plex (Phplex),pH Plex Shampoo 250ml,"Rs. 2,358",https://lookskart.com/products/ph-plex-shampoo-250ml
shampoo_fm,Shampoo (Fine/Medium),Hair type Fine or Medium,Brand alternative,Root Deep,Root Deep Scalp Shampoo for Hair Fall Reduction 200ML,"Rs. 2,300",https://lookskart.com/products/root-deep-hair-retention-therapy-shampoo
shampoo_fm,Shampoo (Fine/Medium),Hair type Fine or Medium,Same-brand variant,Biotop,"Biotop 700 Keratin + Kale Hair Shampoo 500 ml | Calming Chamomile|Paraben, SLS & Sulfate free|For Damaged, Coarse or Chemically Treated Hair","Rs. 2,483",https://lookskart.com/products/biotop-700-keratin-kale-shampoo-250ml-calming-chamomile-paraben-sls-sulfate-free-for-damaged-coarse-or-chemically-treated-hair-1
shampoo_fm,Shampoo (Fine/Medium),Hair type Fine or Medium,Same-brand variant,Biotop,Biotop 02 Eco Dandruff Shampoo 250ml,"Rs. 2,003",https://lookskart.com/products/biotop-02-eco-dandruff-shampoo-330ml
shampoo_fm,Shampoo (Fine/Medium),Hair type Fine or Medium,Same-brand variant,Biotop,Biotop 19 Pro Silver Shampoo 250ml,"Rs. 2,070",https://lookskart.com/products/biotop-19-pro-silver-shampoo-330ml
shampoo_fm,Shampoo (Fine/Medium),Hair type Fine or Medium,Same-brand variant,Biotop,Biotop 20 Volumizing Boost Shampoo 330ml,"Rs. 2,250",https://lookskart.com/products/biotop-20-volumizing-boost-shampoo-330ml
shampoo_fm,Shampoo (Fine/Medium),Hair type Fine or Medium,Same-brand variant,Biotop,Biotop 911 Quinoa Shampoo 500ml,"Rs. 2,790",https://lookskart.com/products/biotop-911-quinoa-shampoo-500ml
shampoo_coarse,Shampoo (Coarse),Hair type Coarse,Primary,Brasil Cacau,Brasil Cacau Cadiveu Extreme Repair Shampoo For Damaged Hair ( 300ML),"Rs. 1,646",https://lookskart.com/products/brasil-cacau-extreme-repair-shampoo-for-damaged-hair-300ml
shampoo_coarse,Shampoo (Coarse),Hair type Coarse,Brand alternative,Biotop,"Biotop 700 Keratin + Kale Hair Shampoo 500 ml | Calming Chamomile|Paraben, SLS & Sulfate free|For Damaged, Coarse or Chemically Treated Hair","Rs. 2,483",https://lookskart.com/products/biotop-700-keratin-kale-shampoo-250ml-calming-chamomile-paraben-sls-sulfate-free-for-damaged-coarse-or-chemically-treated-hair-1
shampoo_coarse,Shampoo (Coarse),Hair type Coarse,Brand alternative,Kerastase,"Kerastase Chroma Bain Respect 500ml Refill Shampoo for Damaged or Damaged and Coloured Hair, Nourishing Hair Bath","Rs. 4,005",https://lookskart.com/products/kerastase-shampoo-for-damaged-or-damaged-and-coloured-hair-nourishing-hair-bath-bain-riche-chroma-500ml-refill
shampoo_coarse,Shampoo (Coarse),Hair type Coarse,Brand alternative,L'Oreal Professionnel,L'Oreal Professionnel | Serie Expert | Absolut Repair Lipidium Shampoo | 300ml,Rs. 703,https://lookskart.com/products/loreal-professionnel-serie-expert-absolut-repair-lipidium-shampoo-300ml
shampoo_coarse,Shampoo (Coarse),Hair type Coarse,Brand alternative,Moroccanoil,Moroccanoil | Moisture Repair Shampoo|250ml For Weakened And Damaged Hair,"Rs. 2,163",https://lookskart.com/products/moroccanoil-moisture-repair-shampoo-250ml-for-weakened-and-damaged-hair
shampoo_coarse,Shampoo (Coarse),Hair type Coarse,Brand alternative,Lea Levett,Lea Levett Botanique Shampoo 350ml,"Rs. 3,800",https://lookskart.com/products/lea-levett-botanique-shampoo-300ml
shampoo_coarse,Shampoo (Coarse),Hair type Coarse,Brand alternative,pH Plex (Phplex),pH Plex Shampoo 250ml,"Rs. 2,358",https://lookskart.com/products/ph-plex-shampoo-250ml
shampoo_coarse,Shampoo (Coarse),Hair type Coarse,Brand alternative,Root Deep,Root Deep Scalp Shampoo for Hair Fall Reduction 200ML,"Rs. 2,300",https://lookskart.com/products/root-deep-hair-retention-therapy-shampoo
shampoo_coarse,Shampoo (Coarse),Hair type Coarse,Same-brand variant,Brasil Cacau,Brasil Cacau Cadiveu Anti Frizz Shampoo 300ml,"Rs. 1,558",https://lookskart.com/products/brasil-cacau-anti-frizz-shampoo-300ml
conditioner_fm,Conditioner (Fine/Medium),Hair type Fine or Medium,Primary,Biotop,Biotop 911 Quinoa Conditioner 250ml,"Rs. 2,250",https://lookskart.com/products/biotop-911-quinoa-conditioner-330ml
conditioner_fm,Conditioner (Fine/Medium),Hair type Fine or Medium,Brand alternative,Moroccanoil,Moroccanoil | Moisture Repair Conditioner|250ml For Weakened And Damaged Hair,"Rs. 2,160",https://lookskart.com/products/moroccanoil-moisture-repair-conditioner-250ml-for-weakened-and-damaged-hair
conditioner_fm,Conditioner (Fine/Medium),Hair type Fine or Medium,Brand alternative,Brasil Cacau,Brasil Cacau Cadiveu Extreme Repair Conditioner For Damaged Hair ( 300ML),"Rs. 1,850",https://lookskart.com/products/brasil-cacau-extreme-repair-conditioner-for-damaged-hair-300ml
conditioner_fm,Conditioner (Fine/Medium),Hair type Fine or Medium,Brand alternative,Kerastase,Genesis Fondant Renforçateur Conditioner 200ml,"Rs. 3,400",https://lookskart.com/products/kerastase-genesis-fondant-renfori-ateur-conditioner-200ml
conditioner_fm,Conditioner (Fine/Medium),Hair type Fine or Medium,Brand alternative,Lea Levett,Lea Levett Remedy Conditioner 300ml,"Rs. 2,800",https://lookskart.com/products/lea-levett-remedy-conditioner
conditioner_fm,Conditioner (Fine/Medium),Hair type Fine or Medium,Brand alternative,pH Plex (Phplex),pH Plex Conditioner 250ml,"Rs. 2,950",https://lookskart.com/products/ph-plex-conditioner-250ml
conditioner_fm,Conditioner (Fine/Medium),Hair type Fine or Medium,Same-brand variant,Biotop,Biotop 700 Keratin + Kale Hair Conditioner 500 ml,"Rs. 2,483",https://lookskart.com/products/biotop-700-keratin-kale-hair-conditioner-500-ml
conditioner_fm,Conditioner (Fine/Medium),Hair type Fine or Medium,Same-brand variant,Biotop,Biotop 911 Quinoa Conditioner 500ml,"Rs. 2,790",https://lookskart.com/products/biotop-911-quinoa-conditioner-500ml
conditioner_coarse,Conditioner (Coarse),Hair type Coarse,Primary,Brasil Cacau,Brasil Cacau Cadiveu Extreme Repair Conditioner For Damaged Hair ( 300ML),"Rs. 1,850",https://lookskart.com/products/brasil-cacau-extreme-repair-conditioner-for-damaged-hair-300ml
conditioner_coarse,Conditioner (Coarse),Hair type Coarse,Brand alternative,Biotop,Biotop 700 Keratin + Kale Hair Conditioner 500 ml,"Rs. 2,483",https://lookskart.com/products/biotop-700-keratin-kale-hair-conditioner-500-ml
conditioner_coarse,Conditioner (Coarse),Hair type Coarse,Brand alternative,Moroccanoil,Moroccanoil | Moisture Repair Conditioner|250ml For Weakened And Damaged Hair,"Rs. 2,160",https://lookskart.com/products/moroccanoil-moisture-repair-conditioner-250ml-for-weakened-and-damaged-hair
conditioner_coarse,Conditioner (Coarse),Hair type Coarse,Brand alternative,Kerastase,Genesis Fondant Renforçateur Conditioner 200ml,"Rs. 3,400",https://lookskart.com/products/kerastase-genesis-fondant-renfori-ateur-conditioner-200ml
conditioner_coarse,Conditioner (Coarse),Hair type Coarse,Brand alternative,Lea Levett,Lea Levett Remedy Conditioner 300ml,"Rs. 2,800",https://lookskart.com/products/lea-levett-remedy-conditioner
conditioner_coarse,Conditioner (Coarse),Hair type Coarse,Brand alternative,pH Plex (Phplex),pH Plex Conditioner 250ml,"Rs. 2,950",https://lookskart.com/products/ph-plex-conditioner-250ml
conditioner_coarse,Conditioner (Coarse),Hair type Coarse,Same-brand variant,Brasil Cacau,Brasil Cacau Cadiveu Anti Frizz Contiioner 300ml,"Rs. 1,850",https://lookskart.com/products/brasil-cacau-cadiveu-anti-frizz-contiioner-300ml
conditioner_coarse,Conditioner (Coarse),Hair type Coarse,Same-brand variant,Brasil Cacau,Brazil Cacau Anti Frizz Conditioner (300 ml),"Rs. 1,750",https://lookskart.com/products/brazil-cacau-anti-frizz-conditioner-300-ml
leave_in,Leave-in / Bond repair,Always,Primary,K18,K-18 leave-in molecular repair hair mask 50ml,"Rs. 5,625",https://lookskart.com/products/k-18-leave-in-molecular-repair-hair-mask-50ml
leave_in,Leave-in / Bond repair,Always,Brand alternative,pH Plex (Phplex),pH Plex Step 3 150ml,"Rs. 3,950",https://lookskart.com/products/ph-plex-step-3-150ml
leave_in,Leave-in / Bond repair,Always,Same-brand variant,K18,K-18 leave-in molecular repair hair mask 5ml,"Rs. 1,080",https://lookskart.com/products/k-18-leave-in-molecular-repair-hair-mask-5ml
oil_fm,Oil / Treatment (Fine/Medium),Hair type Fine or Medium,Primary,Moroccanoil,Moroccanoil | Moroccanoil Treatment Light|100ml For Fine Or Light-Coloured Hair,"Rs. 4,320",https://lookskart.com/products/moroccanoil-moroccanoil-treatment-light-100ml-for-fine-or-light-coloured-hair
oil_fm,Oil / Treatment (Fine/Medium),Hair type Fine or Medium,Brand alternative,Biotop,Biotop 911 Quinoa Hydrating Serum 65ml,"Rs. 3,600",https://lookskart.com/products/biotop-911-quinoa-oil-serum-330ml
oil_fm,Oil / Treatment (Fine/Medium),Hair type Fine or Medium,Brand alternative,Brasil Cacau,Brasil Cacau Cadiveu Acai Oil Treatment 110ml,"Rs. 2,804",https://lookskart.com/products/brasil-cacau-cadiveu-acai-oil-treatment-110ml
oil_fm,Oil / Treatment (Fine/Medium),Hair type Fine or Medium,Brand alternative,Kerastase,Kerastase Elixir Ultime Hair Oil-In-Serum (30ml),"Rs. 2,700",https://lookskart.com/products/kerastase-elixir-ultime-hair-oil-in-serum-30ml
oil_fm,Oil / Treatment (Fine/Medium),Hair type Fine or Medium,Brand alternative,L'Oreal Professionnel,L’Oréal Professionnel Scalp Advanced Anti-Oiliness 2-In-1 Deep Purifier Clay 250gms,"Rs. 1,075",https://lookskart.com/products/l-oreal-professionnel-scalp-advanced-anti-oiliness-2-in-1-deep-purifier-clay-250gms-for-very-oily-scalps-purifies-the-scalp-deeply-with-3-aha-6-clay-for-men-women
oil_fm,Oil / Treatment (Fine/Medium),Hair type Fine or Medium,Same-brand variant,Moroccanoil,Moroccanoil | Curl Defining Cream 250ml,"Rs. 3,340",https://lookskart.com/products/moroccanoil-curl-defining-cream-250ml
oil_fm,Oil / Treatment (Fine/Medium),Hair type Fine or Medium,Same-brand variant,Moroccanoil,Moroccanoil | Hydrating Styling Cream For All Hair Types 300ml,"Rs. 3,340",https://lookskart.com/products/moroccanoil-hydrating-styling-cream-for-all-hair-types-300ml
oil_fm,Oil / Treatment (Fine/Medium),Hair type Fine or Medium,Same-brand variant,Moroccanoil,Moroccanoil | Intense Curl Cream For Wavy To Curly Hair 300ml,"Rs. 3,340",https://lookskart.com/products/moroccanoil-intense-curl-cream-for-wavy-to-curly-hair-300ml
oil_fm,Oil / Treatment (Fine/Medium),Hair type Fine or Medium,Same-brand variant,Moroccanoil,Moroccanoil | Moroccanoil Treatment Original|100ml For All Hair Types,"Rs. 4,320",https://lookskart.com/products/moroccanoil-moroccanoil-treatment-original-100ml-for-all-hair-types
oil_fm,Oil / Treatment (Fine/Medium),Hair type Fine or Medium,Same-brand variant,Moroccanoil,Moroccanoil | Texture Clay 75ml For All Hair Types,"Rs. 3,150",https://lookskart.com/products/moroccanoil-texture-clay-75ml-for-all-hair-types
oil_coarse,Oil / Treatment (Coarse),Hair type Coarse,Primary,Moroccanoil,Moroccanoil | Moroccanoil Treatment Original|100ml For All Hair Types,"Rs. 4,320",https://lookskart.com/products/moroccanoil-moroccanoil-treatment-original-100ml-for-all-hair-types
oil_coarse,Oil / Treatment (Coarse),Hair type Coarse,Brand alternative,Biotop,Biotop 911 Quinoa Hydrating Serum 65ml,"Rs. 3,600",https://lookskart.com/products/biotop-911-quinoa-oil-serum-330ml
oil_coarse,Oil / Treatment (Coarse),Hair type Coarse,Brand alternative,Brasil Cacau,Brasil Cacau Cadiveu Acai Oil Treatment 110ml,"Rs. 2,804",https://lookskart.com/products/brasil-cacau-cadiveu-acai-oil-treatment-110ml
oil_coarse,Oil / Treatment (Coarse),Hair type Coarse,Brand alternative,Kerastase,Kerastase Elixir Ultime Hair Oil-In-Serum (30ml),"Rs. 2,700",https://lookskart.com/products/kerastase-elixir-ultime-hair-oil-in-serum-30ml
oil_coarse,Oil / Treatment (Coarse),Hair type Coarse,Brand alternative,L'Oreal Professionnel,L’Oréal Professionnel Scalp Advanced Anti-Oiliness 2-In-1 Deep Purifier Clay 250gms,"Rs. 1,075",https://lookskart.com/products/l-oreal-professionnel-scalp-advanced-anti-oiliness-2-in-1-deep-purifier-clay-250gms-for-very-oily-scalps-purifies-the-scalp-deeply-with-3-aha-6-clay-for-men-women
oil_coarse,Oil / Treatment (Coarse),Hair type Coarse,Same-brand variant,Moroccanoil,Moroccanoil | Hydrating Styling Cream For All Hair Types 300ml,"Rs. 3,340",https://lookskart.com/products/moroccanoil-hydrating-styling-cream-for-all-hair-types-300ml
oil_coarse,Oil / Treatment (Coarse),Hair type Coarse,Same-brand variant,Moroccanoil,Moroccanoil | Curl Defining Cream 250ml,"Rs. 3,340",https://lookskart.com/products/moroccanoil-curl-defining-cream-250ml
oil_coarse,Oil / Treatment (Coarse),Hair type Coarse,Same-brand variant,Moroccanoil,Moroccanoil | Intense Curl Cream For Wavy To Curly Hair 300ml,"Rs. 3,340",https://lookskart.com/products/moroccanoil-intense-curl-cream-for-wavy-to-curly-hair-300ml
oil_coarse,Oil / Treatment (Coarse),Hair type Coarse,Same-brand variant,Moroccanoil,Moroccanoil | Moroccanoil Treatment Light|100ml For Fine Or Light-Coloured Hair,"Rs. 4,320",https://lookskart.com/products/moroccanoil-moroccanoil-treatment-light-100ml-for-fine-or-light-coloured-hair
oil_coarse,Oil / Treatment (Coarse),Hair type Coarse,Same-brand variant,Moroccanoil,Moroccanoil | Texture Clay 75ml For All Hair Types,"Rs. 3,150",https://lookskart.com/products/moroccanoil-texture-clay-75ml-for-all-hair-types
heat_blow_fm,Blow-dry heat protectant (Fine/Medium),Blow dryer or both + Fine/Medium,Primary,Kerastase,Kerastase | Nutritive |Nectar Thermique Blow Dry Primer|150ml,"Rs. 2,800",https://lookskart.com/products/kerastase-nutritive-nectar-thermique-blow-dry-primer-150ml
heat_blow_fm,Blow-dry heat protectant (Fine/Medium),Blow dryer or both + Fine/Medium,Brand alternative,Schwarzkopf,Schwarzkopf Professional Osis+ Flatliner Heat Protection Spray | 200 ml,"Rs. 1,450",https://lookskart.com/products/schwarzkopf-professional-osis-flatliner-heat-protection-spray-200ml
heat_blow_fm,Blow-dry heat protectant (Fine/Medium),Blow dryer or both + Fine/Medium,Same-brand variant,Kerastase,Genesis Défense Thermique Blow Dry Primer 150 ml,"Rs. 3,000",https://lookskart.com/products/kerastase-genesis-dia©fense-thermique-blow-dry-primer-150ml
heat_blow_fm,Blow-dry heat protectant (Fine/Medium),Blow dryer or both + Fine/Medium,Same-brand variant,Kerastase,Genesis Défense Thermique Blow Dry Primer 150ml,"Rs. 3,000",https://lookskart.com/products/kerastase-genesis-di©fense-thermique-blow-dry-primer-150ml
heat_blow_fm,Blow-dry heat protectant (Fine/Medium),Blow dryer or both + Fine/Medium,Same-brand variant,Kerastase,Kerastase Gloss Absolu Anti-Frizz Heat Protectant Spray 190ml,"Rs. 3,000",https://lookskart.com/products/kerastase-gloss-absolu-anti-frizz-heat-protectant-spray-190ml
heat_blow_coarse,Blow-dry heat protectant (Coarse),Blow dryer or both + Coarse,Primary,Kerastase,Kerastase Gloss Absolu Anti-Frizz Heat Protectant Spray 190ml,"Rs. 3,000",https://lookskart.com/products/kerastase-gloss-absolu-anti-frizz-heat-protectant-spray-190ml
heat_blow_coarse,Blow-dry heat protectant (Coarse),Blow dryer or both + Coarse,Brand alternative,Schwarzkopf,Schwarzkopf Professional Osis+ Flatliner Heat Protection Spray | 200 ml,"Rs. 1,450",https://lookskart.com/products/schwarzkopf-professional-osis-flatliner-heat-protection-spray-200ml
heat_blow_coarse,Blow-dry heat protectant (Coarse),Blow dryer or both + Coarse,Same-brand variant,Kerastase,Genesis Défense Thermique Blow Dry Primer 150 ml,"Rs. 3,000",https://lookskart.com/products/kerastase-genesis-dia©fense-thermique-blow-dry-primer-150ml
heat_blow_coarse,Blow-dry heat protectant (Coarse),Blow dryer or both + Coarse,Same-brand variant,Kerastase,Genesis Défense Thermique Blow Dry Primer 150ml,"Rs. 3,000",https://lookskart.com/products/kerastase-genesis-di©fense-thermique-blow-dry-primer-150ml
heat_blow_coarse,Blow-dry heat protectant (Coarse),Blow dryer or both + Coarse,Same-brand variant,Kerastase,Kerastase | Nutritive |Nectar Thermique Blow Dry Primer|150ml,"Rs. 2,800",https://lookskart.com/products/kerastase-nutritive-nectar-thermique-blow-dry-primer-150ml
heat_iron,Iron / wand heat protectant,Iron or both,Primary,Schwarzkopf,Schwarzkopf Professional Osis+ Flatliner Heat Protection Spray | 200 ml,"Rs. 1,450",https://lookskart.com/products/schwarzkopf-professional-osis-flatliner-heat-protection-spray-200ml
heat_iron,Iron / wand heat protectant,Iron or both,Brand alternative,Kerastase,Genesis Défense Thermique Blow Dry Primer 150 ml,"Rs. 3,000",https://lookskart.com/products/kerastase-genesis-dia©fense-thermique-blow-dry-primer-150ml
volume,Volume product,Wants Max/Moderate volume + blow dryer,Primary,Moroccanoil,Moroccanoil | Root Boost For Fine To Medium Hair 250ml,"Rs. 2,610",https://lookskart.com/products/moroccanoil-root-boost-for-fine-to-medium-hair-250ml
volume,Volume product,Wants Max/Moderate volume + blow dryer,Brand alternative,L'Oreal Professionnel,L'oreal Professionnel | Tecni Art | Full Volume Extra | 250ml,Rs. 990,https://lookskart.com/products/loreal-professionnel-tecni-art-full-volume-extra-250ml
volume,Volume product,Wants Max/Moderate volume + blow dryer,Same-brand variant,Moroccanoil,Moroccanoil | Thickening Lotion For Fine To Medium Hair 100ml,"Rs. 3,150",https://lookskart.com/products/moroccanoil-thickening-lotion-for-fine-to-medium-hair-100ml
dry_texture,Dry texture / dry shampoo,Always,Primary,Moroccanoil,Moroccanoil | Dry Texture Spray 205ml For All Hair Types,"Rs. 2,610",https://lookskart.com/products/moroccanoil-dry-texture-spray-205ml-for-all-hair-types
dry_texture,Dry texture / dry shampoo,Always,Brand alternative,Kerastase,Fresh Affair Dry Shampoo,"Rs. 2,759",https://lookskart.com/products/fresh-affair-dry-shampoo
hairspray,Hairspray,Always (Skip It For Now),Primary,Moroccanoil,Moroccanoil | Luminous Hairspray Strong 330ml,"Rs. 2,610",https://lookskart.com/products/moroccanoil-luminous-hairspray-strong-330ml
hairspray,Hairspray,Always (Skip It For Now),Brand alternative,Schwarzkopf,Schwarzkopf Professional Super Dry Fix Session Label 300ml,Rs. 850,https://lookskart.com/products/schwarzkopf-professional-super-dry-fix-session-label-300ml
hairspray,Hairspray,Always (Skip It For Now),Brand alternative,L'Oreal Professionnel,L'oreal Professionnel | Tecni Art | Elnett Hair Spray | 500ml,Rs. 950,https://lookskart.com/products/loreal-professionnel-tecni-art-elnett-hair-spray-500ml
repair,Weekly bond repair,Always (badge from damage rules),Primary,pH Plex (Phplex),pH Plex Step 3 150ml,"Rs. 3,950",https://lookskart.com/products/ph-plex-step-3-150ml
repair,Weekly bond repair,Always (badge from damage rules),Brand alternative,K18,K-18 leave-in molecular repair hair mask 50ml,"Rs. 5,625",https://lookskart.com/products/k-18-leave-in-molecular-repair-hair-mask-50ml
mask,Weekly mask,Always (badge from damage rules),Primary,Moroccanoil,Moroccanoil | Weightless Hydrating Mask For Fine Dry Hair 250ml,"Rs. 3,780",https://lookskart.com/products/moroccanoil-weightless-hydrating-mask-for-fine-dry-hair-250ml
mask,Weekly mask,Always (badge from damage rules),Brand alternative,Brasil Cacau,Brasil Cacau Cadiveu Extreme Repair Hair Mask 200ml,"Rs. 1,600",https://lookskart.com/products/brasil-cacau-extreme-repair-hair-mask-200ml
mask,Weekly mask,Always (badge from damage rules),Brand alternative,Kerastase,Kerastase | Nutritive |Masquintense Riche Mask|200ml Highly nourishing mask,"Rs. 3,850",https://lookskart.com/products/kerastase-nutritive-masquintense-epais-mask-200ml-highly-nourishing-mask
mask,Weekly mask,Always (badge from damage rules),Brand alternative,L'Oreal Professionnel,L'Oreal Professionnel | Serie Expert | Absolut Repair Lipidium Masque | 250ml,Rs. 990,https://lookskart.com/products/loreal-professionnel-serie-expert-absolut-repair-lipidium-masque-250ml
mask,Weekly mask,Always (badge from damage rules),Brand alternative,Biotop,Biotop 700 Keratin + Kale Hair Mask - 250ml,"Rs. 2,790",https://lookskart.com/products/biotop-700-keratin-and-kale-hair-mask-250ml
mask,Weekly mask,Always (badge from damage rules),Brand alternative,Lea Levett,Lea Levett Recovery Mask 237ml,"Rs. 3,099",https://lookskart.com/products/lea-levett-recovery-mask
mask,Weekly mask,Always (badge from damage rules),Same-brand variant,Moroccanoil,Moroccanoil | Intense Hydrating Mask For Medium To Thick Dry Hair 250ml,"Rs. 3,600",https://lookskart.com/products/moroccanoil-intense-hydrating-mask-for-medium-to-thick-dry-hair-250ml
mask,Weekly mask,Always (badge from damage rules),Same-brand variant,Moroccanoil,Moroccanoil | Restorative Hair Mask|250ml For Weakened And Damaged Hair,"Rs. 3,870",https://lookskart.com/products/moroccanoil-restorative-hair-mask-250ml-for-weakened-and-damaged-hair